id,first_name,last_name,email,gender,ip_address
1,Menard,D'Andrea,mdandrea0@posterous.com,Male,186.148.148.137
2,Alistair,Kovalski,akovalski1@google.com.hk,Male,139.25.249.243
3,Padget,Vallerine,pvallerine2@theguardian.com,Male,71.254.23.223
4,Marcellus,Adolphine,madolphine3@goo.gl,Male,241.177.223.0
5,Aila,Lokier,alokier4@fc2.com,Female,93.2.84.241
6,Bertie,Suero,bsuero5@mozilla.com,Male,17.68.90.58
7,Stuart,Flatte,sflatte6@flickr.com,Male,213.164.31.144
8,Brandy,Seakings,bseakings7@networkadvertising.org,Female,198.60.215.197
9,Carney,Riddoch,criddoch8@craigslist.org,Male,204.67.233.245
10,Ina,Wheatland,iwheatland9@auda.org.au,Female,44.200.223.46
11,Fleur,Pavey,fpaveya@uiuc.edu,Female,52.195.218.86
12,Drucy,Bretelle,dbretelleb@infoseek.co.jp,Female,24.235.88.220
13,Johann,Whieldon,jwhieldonc@wikipedia.org,Male,75.251.132.66
14,Tabbie,Matzkaitis,tmatzkaitisd@friendfeed.com,Genderqueer,123.167.7.204
15,Stanton,Pentin,spentine@thetimes.co.uk,Male,246.51.68.104
16,Dell,Cridland,dcridlandf@latimes.com,Male,182.148.173.63
17,Georgy,Presnall,gpresnallg@time.com,Male,234.147.32.2
18,Helenka,Burchfield,hburchfieldh@ebay.co.uk,Female,20.42.144.60
19,Jacki,Ruppelin,jruppelini@slashdot.org,Female,143.184.55.136
20,Hanna,Selcraig,hselcraigj@gov.uk,Female,160.217.160.100
21,Cassandre,Pilmer,cpilmerk@wunderground.com,Female,209.246.77.119
22,Dennet,Palfrie,dpalfriel@usgs.gov,Male,77.78.53.248
23,Caprice,Couvert,ccouvertm@time.com,Polygender,153.139.46.230
24,Marya,Tregenna,mtregennan@blogs.com,Female,58.176.212.29
25,Orelie,O'Clery,oocleryo@webmd.com,Female,114.45.70.215
26,Trevar,Rhubottom,trhubottomp@usda.gov,Male,45.236.16.246
27,Ilysa,Gaskin,igaskinq@1und1.de,Female,242.78.191.7
28,Ginelle,O'Meara,gomearar@buzzfeed.com,Female,182.211.163.181
29,Mayor,Loble,mlobles@php.net,Male,131.46.135.138
30,Mordecai,Trenbay,mtrenbayt@cargocollective.com,Male,223.52.209.59
31,Olivie,Cromack,ocromacku@msu.edu,Female,182.154.135.142
32,Ludovico,Garken,lgarkenv@ning.com,Male,22.247.119.155
33,Diane-marie,Souness,dsounessw@icio.us,Female,104.163.87.247
34,Wait,Dickson,wdicksonx@fotki.com,Male,49.233.107.60
35,Gabriella,Keese,gkeesey@tumblr.com,Female,159.233.242.153
36,Renelle,Gammidge,rgammidgez@smh.com.au,Female,170.107.32.133
37,Whitaker,Halsted,whalsted10@nps.gov,Male,24.161.228.12
38,Mohammed,O'Flaherty,moflaherty11@imageshack.us,Male,9.9.151.102
39,Conant,Lacelett,clacelett12@bloglovin.com,Male,236.44.142.34
40,Fowler,Yorkston,fyorkston13@hc360.com,Male,61.154.43.8
41,Helenelizabeth,Marxsen,hmarxsen14@zdnet.com,Female,32.77.253.175
42,Ardisj,Emmanueli,aemmanueli15@spiegel.de,Female,1.147.115.135
43,Brandise,Weatherell,bweatherell16@techcrunch.com,Female,236.5.66.196
44,Alwin,Byllam,abyllam17@skype.com,Male,93.141.169.130
45,Chick,Gannicott,cgannicott18@ning.com,Male,33.226.46.14
46,Roberto,Millar,rmillar19@japanpost.jp,Male,21.100.215.125
47,Aidan,Franc,afranc1a@alibaba.com,Female,28.224.73.92
48,Jessee,Wager,jwager1b@aboutads.info,Male,251.31.224.47
49,Allina,Shorthill,ashorthill1c@about.com,Female,112.25.232.45
50,Ben,Dyke,bdyke1d@amazon.co.jp,Male,91.212.51.5
51,Wyatan,Farry,wfarry1e@tripod.com,Male,20.180.162.138
52,Gerrie,Horsey,ghorsey1f@storify.com,Female,132.151.26.138
53,Germaine,Biner,gbiner1g@virginia.edu,Female,223.52.97.191
54,Lindsy,Coltman,lcoltman1h@yahoo.com,Female,97.45.27.50
55,Alanna,Skpsey,askpsey1i@boston.com,Female,124.216.3.232
56,Arabelle,Broxton,abroxton1j@apache.org,Female,41.170.6.111
57,Lukas,Albone,lalbone1k@gravatar.com,Male,53.162.216.233
58,Corey,Eliassen,celiassen1l@illinois.edu,Male,250.68.141.247
59,Durant,McVittie,dmcvittie1m@boston.com,Male,147.84.47.192
60,Ynez,Castellani,ycastellani1n@ebay.com,Bigender,92.185.191.24
61,Merill,Waison,mwaison1o@stumbleupon.com,Male,97.104.88.180
62,Moyra,Glendenning,mglendenning1p@qq.com,Female,88.253.254.241
63,Guillemette,Bansal,gbansal1q@nsw.gov.au,Female,59.203.166.50
64,Cami,Moisey,cmoisey1r@odnoklassniki.ru,Female,82.177.118.230
65,Olympie,Ramsay,oramsay1s@hc360.com,Female,59.27.55.44
66,Adella,Wyre,awyre1t@hibu.com,Non-binary,51.208.111.14
67,Audre,Langfat,alangfat1u@mapquest.com,Female,153.97.236.156
68,Garry,Barendtsen,gbarendtsen1v@blogs.com,Male,156.107.118.88
69,Clark,Dron,cdron1w@feedburner.com,Male,46.145.255.238
70,Arel,Shimony,ashimony1x@china.com.cn,Male,72.79.147.202
71,Merv,Ferraresi,mferraresi1y@freewebs.com,Male,172.20.198.171
72,Zonda,Creavin,zcreavin1z@ibm.com,Female,134.82.160.251
73,Mag,Carrigan,mcarrigan20@cam.ac.uk,Female,123.224.103.25
74,Stacy,Cleave,scleave21@washington.edu,Polygender,199.28.160.122
75,Mohandis,Velti,mvelti22@foxnews.com,Male,34.26.47.91
76,Virge,McClaurie,vmcclaurie23@reuters.com,Male,181.101.134.95
77,Talbert,Kondratyuk,tkondratyuk24@ow.ly,Male,249.53.111.91
78,Roana,Lintot,rlintot25@samsung.com,Female,153.123.84.150
79,Avril,Wholesworth,awholesworth26@instagram.com,Bigender,222.228.47.255
80,Sally,Gollard,sgollard27@ovh.net,Female,236.211.47.77
81,Else,Fidal,efidal28@youku.com,Non-binary,186.189.193.35
82,Sarene,Baseke,sbaseke29@irs.gov,Genderfluid,193.89.33.103
83,Lonny,Becks,lbecks2a@huffingtonpost.com,Male,41.100.82.165
84,Thorin,Ritch,tritch2b@ovh.net,Male,165.163.14.128
85,Marieann,Belchamp,mbelchamp2c@discovery.com,Female,193.156.191.204
86,Gabriell,Habble,ghabble2d@salon.com,Agender,75.155.45.105
87,Jerrilyn,Don,jdon2e@epa.gov,Female,198.249.113.180
88,Ron,Honacker,rhonacker2f@bravesites.com,Male,153.66.13.54
89,Tamarah,Helm,thelm2g@github.com,Female,4.108.191.131
90,Arlana,Denkin,adenkin2h@nationalgeographic.com,Female,212.65.102.38
91,Chan,Mantripp,cmantripp2i@statcounter.com,Male,58.127.236.179
92,Van,Gergely,vgergely2j@deliciousdays.com,Male,161.14.226.24
93,Vanessa,Daltry,vdaltry2k@cbslocal.com,Agender,167.146.198.9
94,Walsh,Pilling,wpilling2l@yellowpages.com,Male,216.127.63.39
95,Jase,Navein,jnavein2m@reddit.com,Male,55.21.243.6
96,Kari,Botha,kbotha2n@utexas.edu,Female,16.88.218.40
97,Timmy,Bazeley,tbazeley2o@live.com,Male,138.198.73.33
98,Pauletta,Pieche,ppieche2p@sfgate.com,Female,184.79.156.144
99,Claire,Scamaden,cscamaden2q@about.me,Male,136.103.65.123
100,Donalt,Marikhin,dmarikhin2r@phoca.cz,Male,201.40.122.174
101,Daren,Matkin,dmatkin2s@engadget.com,Male,143.180.224.13
102,Boothe,Bremond,bbremond2t@tamu.edu,Male,183.227.37.253
103,Elsey,Deschelle,edeschelle2u@ovh.net,Polygender,51.151.77.25
104,Ingrim,Steere,isteere2v@rediff.com,Male,54.120.19.188
105,Kirsten,Cryer,kcryer2w@spotify.com,Female,185.32.125.38
106,Onfre,Ionn,oionn2x@kickstarter.com,Male,73.227.89.130
107,Lindy,Argente,largente2y@timesonline.co.uk,Male,158.97.159.86
108,Randa,Jolliss,rjolliss2z@blogs.com,Female,156.206.24.52
109,Farra,Gettins,fgettins30@chronoengine.com,Female,214.4.25.124
110,Giulio,Winfindale,gwinfindale31@icio.us,Agender,5.58.24.94
111,Lorry,Franzen,lfranzen32@google.es,Male,99.172.207.71
112,Verene,Note,vnote33@gmpg.org,Female,235.145.129.246
113,Julee,Giovanizio,jgiovanizio34@live.com,Female,113.144.140.145
114,Phillie,Howlin,phowlin35@twitpic.com,Bigender,14.35.3.61
115,Marabel,Guierre,mguierre36@shutterfly.com,Female,222.30.168.148
116,Neil,Calyton,ncalyton37@nyu.edu,Male,226.239.204.133
117,Woodie,Fuller,wfuller38@networkadvertising.org,Male,9.247.134.76
118,Kendrick,De Paepe,kdepaepe39@cargocollective.com,Male,19.199.94.223
119,Lynne,Bisley,lbisley3a@odnoklassniki.ru,Female,92.227.171.192
120,Rock,Milella,rmilella3b@nps.gov,Male,222.217.183.131
121,Thomasine,Merry,tmerry3c@indiegogo.com,Female,111.224.163.108
122,Mathew,Alldred,malldred3d@addtoany.com,Male,98.94.248.140
123,Leroy,Crosfield,lcrosfield3e@webmd.com,Male,41.209.241.103
124,Hephzibah,Sopper,hsopper3f@china.com.cn,Female,50.237.171.29
125,Kendall,Pillifant,kpillifant3g@tiny.cc,Male,247.61.59.47
126,Xylia,Rowan,xrowan3h@wsj.com,Female,63.226.61.144
127,Jaquelyn,Helliar,jhelliar3i@ucoz.com,Female,231.40.164.214
128,Wallace,Renshell,wrenshell3j@businessinsider.com,Non-binary,95.131.21.194
129,Gareth,Rablin,grablin3k@cdbaby.com,Male,131.115.5.138
130,Jarad,Gandrich,jgandrich3l@businessweek.com,Male,82.25.32.76
131,Maximilianus,Beddingham,mbeddingham3m@marriott.com,Male,180.120.174.158
132,Meredith,Ollive,mollive3n@independent.co.uk,Female,110.16.205.13
133,Rollie,Ardron,rardron3o@irs.gov,Male,221.170.247.231
134,Wilone,Ewens,wewens3p@usgs.gov,Female,90.23.203.97
135,Nanny,Parram,nparram3q@timesonline.co.uk,Female,43.131.19.94
136,Gregorio,Dollimore,gdollimore3r@census.gov,Male,95.50.45.16
137,Katey,Clara,kclara3s@independent.co.uk,Female,223.213.154.238
138,Pierrette,Atlee,patlee3t@un.org,Polygender,73.100.146.84
139,Hube,Scarff,hscarff3u@tamu.edu,Male,221.147.28.181
140,Maxwell,Faloon,mfaloon3v@eepurl.com,Male,183.228.216.145
141,Kinny,Swedeland,kswedeland3w@techcrunch.com,Male,154.204.21.30
142,Berthe,Crighton,bcrighton3x@feedburner.com,Female,183.101.220.37
143,Juliann,Gadsden,jgadsden3y@cdc.gov,Female,186.228.97.228
144,Guillaume,Pinkerton,gpinkerton3z@yellowbook.com,Male,56.1.58.11
145,Nance,Hammett,nhammett40@hud.gov,Female,82.23.58.78
146,Crista,Hopewell,chopewell41@walmart.com,Female,203.129.166.130
147,Irita,Coonan,icoonan42@ocn.ne.jp,Female,211.185.45.55
148,Denny,Abbet,dabbet43@symantec.com,Male,37.227.183.103
149,Konrad,Duncanson,kduncanson44@dropbox.com,Male,110.197.122.53
150,Cheslie,Pendergast,cpendergast45@netscape.com,Female,244.101.136.104
151,Lurline,Ellen,lellen46@accuweather.com,Female,235.74.107.159
152,Durant,Meltetal,dmeltetal47@blogtalkradio.com,Male,73.32.67.85
153,Nonah,Constant,nconstant48@wordpress.org,Genderqueer,35.81.255.57
154,Packston,Cheltnam,pcheltnam49@netscape.com,Male,133.28.109.188
155,Clementius,Whysall,cwhysall4a@wunderground.com,Male,144.78.149.40
156,Shelden,Golley,sgolley4b@lycos.com,Male,128.213.7.230
157,Rozanne,Wilber,rwilber4c@tumblr.com,Female,63.255.90.238
158,Nara,Orrom,norrom4d@time.com,Female,254.108.23.168
159,Rock,Read,rread4e@usnews.com,Male,142.11.218.34
160,Brandyn,Carnock,bcarnock4f@thetimes.co.uk,Male,208.158.202.4
161,Willetta,Becerro,wbecerro4g@telegraph.co.uk,Female,8.195.213.180
162,Cass,MacCarlich,cmaccarlich4h@cdbaby.com,Male,19.225.230.163
163,Berkie,Yashnov,byashnov4i@g.co,Male,222.141.142.219
164,Kevin,Devas,kdevas4j@cnet.com,Male,82.217.10.179
165,Saudra,Pearch,spearch4k@vimeo.com,Female,0.138.118.70
166,Alexia,Glancey,aglancey4l@admin.ch,Female,146.85.80.99
167,Ingelbert,Chipp,ichipp4m@mozilla.org,Male,203.82.62.102
168,Susana,Matejic,smatejic4n@chicagotribune.com,Female,95.81.1.66
169,Joeann,Gelling,jgelling4o@lulu.com,Female,128.127.150.205
170,Sisile,Abbotts,sabbotts4p@homestead.com,Female,98.235.143.97
171,Almira,Owen,aowen4q@sina.com.cn,Female,242.191.121.134
172,Julius,Haycox,jhaycox4r@51.la,Male,221.161.86.72
173,Falito,Raimbauld,fraimbauld4s@cmu.edu,Male,39.188.163.79
174,Raquela,D'Hooghe,rdhooghe4t@bravesites.com,Female,66.140.36.141
175,Akim,Stokes,astokes4u@china.com.cn,Male,80.123.242.161
176,Viv,Haydn,vhaydn4v@squarespace.com,Female,128.24.165.193
177,Modestine,Grestie,mgrestie4w@ebay.co.uk,Female,18.29.179.63
178,Viki,Pidcock,vpidcock4x@who.int,Female,2.3.214.168
179,Holly,Shirrell,hshirrell4y@cnet.com,Male,116.95.240.163
180,Minerva,Wolfendell,mwolfendell4z@mapy.cz,Female,237.123.150.3
181,Keen,Fullard,kfullard50@businessweek.com,Male,222.205.241.238
182,Hayden,Peniello,hpeniello51@state.tx.us,Male,229.242.174.202
183,Falito,Merdew,fmerdew52@wix.com,Male,249.135.145.13
184,Charisse,Leeds,cleeds53@gov.uk,Female,25.58.68.190
185,Marv,Blowes,mblowes54@amazonaws.com,Male,72.44.54.68
186,Emalia,Bowller,ebowller55@gov.uk,Genderfluid,146.218.181.22
187,Pru,Oselton,poselton56@dedecms.com,Female,45.232.17.105
188,Aubry,Emanson,aemanson57@newyorker.com,Female,84.40.143.107
189,Antoine,Hardman,ahardman58@stumbleupon.com,Male,92.228.69.74
190,Pasquale,Levay,plevay59@irs.gov,Male,47.184.103.174
191,Symon,Dunnaway,sdunnaway5a@live.com,Male,153.93.181.191
192,Johan,Kamena,jkamena5b@goo.gl,Male,53.253.26.60
193,Kristofer,Seaman,kseaman5c@g.co,Polygender,120.182.189.137
194,Pinchas,Mapledoore,pmapledoore5d@pagesperso-orange.fr,Male,66.4.213.136
195,Jacqui,Munning,jmunning5e@joomla.org,Female,249.72.86.187
196,Fairfax,Johns,fjohns5f@51.la,Male,171.162.238.250
197,Berty,Chill,bchill5g@economist.com,Female,75.19.29.39
198,Trudey,Kalisch,tkalisch5h@google.fr,Female,82.250.109.104
199,Marlon,Dod,mdod5i@salon.com,Genderqueer,132.146.13.147
200,Scarlet,Kield,skield5j@amazonaws.com,Female,43.103.141.125
201,Minnaminnie,Chagg,mchagg5k@cbslocal.com,Genderfluid,161.103.101.8
202,Dickie,Morrilly,dmorrilly5l@eepurl.com,Male,94.87.205.105
203,Corrinne,Collcutt,ccollcutt5m@dropbox.com,Female,31.232.117.182
204,Yoshiko,Giraldez,ygiraldez5n@ebay.co.uk,Female,109.238.252.147
205,Tabb,Setterington,tsetterington5o@cdc.gov,Male,117.233.83.51
206,Tandie,Pogosian,tpogosian5p@goo.ne.jp,Female,164.122.197.33
207,Lucila,Swithenby,lswithenby5q@earthlink.net,Female,255.66.39.131
208,Charmain,Fassum,cfassum5r@mlb.com,Female,127.243.30.58
209,Edgardo,Buret,eburet5s@walmart.com,Male,45.90.38.8
210,Portia,Stitle,pstitle5t@dedecms.com,Female,90.2.21.77
211,Perkin,Larham,plarham5u@aol.com,Male,123.108.206.27
212,Anatol,Moorcroft,amoorcroft5v@multiply.com,Male,220.188.128.238
213,Odilia,Downgate,odowngate5w@ox.ac.uk,Female,120.60.81.68
214,Stu,Wolfendell,swolfendell5x@nih.gov,Male,89.180.208.157
215,Etti,Brettel,ebrettel5y@sun.com,Female,251.244.14.192
216,Milty,Gumly,mgumly5z@webs.com,Male,3.255.107.87
217,Carlen,Chestnutt,cchestnutt60@dion.ne.jp,Female,14.120.165.186
218,Harli,Arlett,harlett61@geocities.jp,Female,3.100.60.128
219,Rianon,Lamey,rlamey62@com.com,Female,18.212.209.236
220,Richard,Zorzin,rzorzin63@joomla.org,Male,119.103.200.211
221,Alix,Crosher,acrosher64@webnode.com,Male,97.65.209.198
222,Calla,Hryniewicki,chryniewicki65@walmart.com,Female,244.128.147.71
223,Huntley,Dyster,hdyster66@intel.com,Male,208.184.82.191
224,Clemmy,Ashlin,cashlin67@newyorker.com,Male,188.151.130.100
225,Ray,Lipgens,rlipgens68@scribd.com,Male,216.237.211.252
226,Hatty,Hover,hhover69@discuz.net,Female,176.238.178.221
227,Shelby,McGovern,smcgovern6a@geocities.jp,Female,159.176.95.125
228,Fredek,Dimitrijevic,fdimitrijevic6b@shop-pro.jp,Male,87.131.176.252
229,Nobie,Pettie,npettie6c@mit.edu,Male,170.93.186.84
230,Albertina,Brighty,abrighty6d@webnode.com,Female,179.186.102.231
231,Marabel,Scopyn,mscopyn6e@biblegateway.com,Female,5.43.247.94
232,Artemas,Livesay,alivesay6f@baidu.com,Male,143.172.40.173
233,Sarge,Presslie,spresslie6g@gizmodo.com,Male,22.108.178.154
234,Gottfried,Bunney,gbunney6h@statcounter.com,Male,137.78.209.219
235,Carleen,Kofax,ckofax6i@icq.com,Female,244.63.5.51
236,Carling,Pipkin,cpipkin6j@1688.com,Male,125.195.119.197
237,Roxanne,Toop,rtoop6k@taobao.com,Female,65.160.137.217
238,Whit,Franiak,wfraniak6l@irs.gov,Non-binary,212.230.226.45
239,Korrie,Copes,kcopes6m@dion.ne.jp,Female,61.34.118.54
240,Sheri,Corbert,scorbert6n@ezinearticles.com,Female,182.166.141.221
241,Bernard,Budding,bbudding6o@barnesandnoble.com,Male,149.51.191.4
242,Myrtie,Embling,membling6p@ifeng.com,Female,121.83.219.93
243,Harmonia,Eppson,heppson6q@qq.com,Female,152.168.66.171
244,Gerhard,Vallery,gvallery6r@furl.net,Male,130.219.172.179
245,Joseito,Bambury,jbambury6s@123-reg.co.uk,Male,169.180.235.102
246,Tierney,Damant,tdamant6t@devhub.com,Non-binary,55.183.90.7
247,Marj,Franek,mfranek6u@ucla.edu,Female,237.239.252.219
248,Pansie,Pancast,ppancast6v@usda.gov,Female,77.189.84.79
249,Clea,Cogan,ccogan6w@homestead.com,Female,83.230.79.199
250,Hally,Bedinn,hbedinn6x@census.gov,Female,88.183.163.25
251,Malorie,Saill,msaill6y@ft.com,Female,74.36.239.25
252,Mady,Vannar,mvannar6z@china.com.cn,Female,24.17.43.67
253,Juditha,Coxhell,jcoxhell70@shinystat.com,Female,172.112.230.186
254,Birgitta,Gambell,bgambell71@tiny.cc,Female,247.175.50.146
255,Aymer,Steljes,asteljes72@chron.com,Male,113.139.74.107
256,Godwin,Shooter,gshooter73@prlog.org,Male,102.54.80.183
257,Corena,Bohey,cbohey74@ucoz.ru,Female,106.242.130.185
258,Donavon,Leggett,dleggett75@amazon.co.jp,Male,32.107.86.94
259,Harlene,Pearmine,hpearmine76@hatena.ne.jp,Female,187.133.194.5
260,Guillaume,Pugh,gpugh77@artisteer.com,Male,85.183.2.130
261,Erin,Nicklin,enicklin78@liveinternet.ru,Male,167.147.194.11
262,Pepillo,Deas,pdeas79@exblog.jp,Male,207.51.203.215
263,Corrie,Elintune,celintune7a@newsvine.com,Female,133.30.37.117
264,Marmaduke,Flageul,mflageul7b@google.es,Male,205.130.115.18
265,Caresse,Lindroos,clindroos7c@netlog.com,Bigender,91.56.23.96
266,Jyoti,Este,jeste7d@livejournal.com,Female,97.171.100.17
267,Carney,Scoggins,cscoggins7e@trellian.com,Male,31.8.235.115
268,Gisele,Moorcraft,gmoorcraft7f@csmonitor.com,Female,13.103.148.67
269,Thor,Aldwick,taldwick7g@comsenz.com,Male,108.52.95.229
270,Kathlin,Crowcroft,kcrowcroft7h@harvard.edu,Female,161.181.90.90
271,Dell,Hendonson,dhendonson7i@usnews.com,Male,216.254.111.169
272,Carolann,Vassano,cvassano7j@cam.ac.uk,Female,124.217.219.20
273,Hersh,Dobrovolny,hdobrovolny7k@boston.com,Agender,2.128.187.107
274,Faustina,Mullally,fmullally7l@census.gov,Female,22.205.62.252
275,Merrill,Stephen,mstephen7m@desdev.cn,Female,98.182.200.116
276,Aeriel,Durber,adurber7n@dagondesign.com,Female,222.246.184.128
277,Christabel,Childe,cchilde7o@samsung.com,Female,25.185.48.16
278,Waverly,Fullicks,wfullicks7p@pinterest.com,Male,202.176.121.120
279,Darby,Ballin,dballin7q@mac.com,Male,36.110.239.178
280,Wini,Drakard,wdrakard7r@creativecommons.org,Female,194.146.59.144
281,Nance,Leese,nleese7s@theatlantic.com,Female,12.194.194.105
282,Umeko,Pammenter,upammenter7t@opensource.org,Female,144.155.112.19
283,Abagail,Jenik,ajenik7u@mit.edu,Female,54.107.250.227
284,Clarke,Sturm,csturm7v@amazon.co.uk,Male,54.73.174.43
285,Neil,Jakubovits,njakubovits7w@yelp.com,Non-binary,46.68.138.34
286,Aldon,Ferrario,aferrario7x@ibm.com,Male,5.0.45.45
287,Lukas,Dallison,ldallison7y@google.pl,Male,52.58.137.26
288,Wenona,Peracco,wperacco7z@imgur.com,Female,199.158.46.249
289,Cornelia,Footitt,cfootitt80@barnesandnoble.com,Female,141.87.92.171
290,Oby,Lyvon,olyvon81@taobao.com,Male,41.81.177.96
291,Rennie,Henzer,rhenzer82@mysql.com,Female,179.27.1.183
292,Lucais,Echalier,lechalier83@un.org,Male,4.36.102.47
293,Gert,Girling,ggirling84@bigcartel.com,Female,6.25.241.233
294,Frederich,Quixley,fquixley85@slashdot.org,Male,8.106.205.41
295,Hyacintha,Heyball,hheyball86@umn.edu,Polygender,227.194.224.78
296,Dyana,Melin,dmelin87@google.pl,Female,11.44.15.61
297,Guthrey,Inkpen,ginkpen88@army.mil,Male,24.133.250.135
298,Minni,Pleasaunce,mpleasaunce89@unesco.org,Female,160.180.101.235
299,Justin,Jugging,jjugging8a@dailymail.co.uk,Male,58.164.87.145
300,Ida,Eskriet,ieskriet8b@imageshack.us,Agender,89.117.104.201
301,Angelika,Dowdney,adowdney8c@plala.or.jp,Female,28.56.35.112
302,Noel,MacMenemy,nmacmenemy8d@bizjournals.com,Female,27.213.192.13
303,Vance,Battson,vbattson8e@about.me,Male,57.185.40.130
304,Marie-ann,Balam,mbalam8f@taobao.com,Female,116.158.28.46
305,Zeb,Carsey,zcarsey8g@businessweek.com,Male,241.71.127.63
306,Ingaberg,Garrett,igarrett8h@ft.com,Female,95.231.62.7
307,Janetta,Shelvey,jshelvey8i@earthlink.net,Female,69.179.251.15
308,Donni,Nears,dnears8j@linkedin.com,Female,56.200.9.159
309,Queenie,McClaurie,qmcclaurie8k@trellian.com,Agender,92.152.111.215
310,Viva,Gameson,vgameson8l@1688.com,Female,104.155.243.176
311,Marni,Epperson,mepperson8m@technorati.com,Female,73.75.104.228
312,Valentino,Armatage,varmatage8n@hexun.com,Male,117.218.71.124
313,Angelina,Wrightson,awrightson8o@dailymail.co.uk,Female,125.18.242.72
314,Kurtis,Mothersdale,kmothersdale8p@freewebs.com,Male,219.93.123.226
315,Annalee,Alekseev,aalekseev8q@archive.org,Female,64.150.144.163
316,Mollie,Loakes,mloakes8r@census.gov,Female,179.117.127.13
317,Netta,Blunn,nblunn8s@mit.edu,Female,96.78.24.132
318,Murry,Grumley,mgrumley8t@webmd.com,Male,252.167.177.56
319,Casey,Grunson,cgrunson8u@amazon.co.jp,Male,194.242.40.154
320,Jewel,Francey,jfrancey8v@drupal.org,Female,161.132.54.68
321,Channa,Premble,cpremble8w@xrea.com,Female,69.30.42.87
322,Petunia,Simmins,psimmins8x@vistaprint.com,Female,102.119.215.52
323,Winston,Dolden,wdolden8y@facebook.com,Male,48.58.150.228
324,Shayne,Comer,scomer8z@php.net,Male,135.43.139.28
325,Reade,Braghini,rbraghini90@deviantart.com,Male,33.43.198.239
326,Morganica,Kerss,mkerss91@google.co.jp,Female,93.130.64.137
327,Douglass,McGauhy,dmcgauhy92@omniture.com,Male,138.36.162.91
328,Sanderson,Axelbey,saxelbey93@webmd.com,Male,191.104.88.219
329,Helaina,MacRinn,hmacrinn94@vinaora.com,Female,119.234.144.70
330,Kaye,Dyett,kdyett95@nasa.gov,Female,97.105.52.44
331,Frederique,Dullaghan,fdullaghan96@livejournal.com,Female,143.47.176.123
332,Doralynn,Callum,dcallum97@privacy.gov.au,Female,52.206.183.40
333,Jannel,Hickin,jhickin98@t.co,Female,127.32.61.9
334,Conant,Roulston,croulston99@theatlantic.com,Male,179.163.156.174
335,Orville,De Francesco,odefrancesco9a@google.com.au,Male,47.94.233.195
336,Allister,Ugoni,augoni9b@discovery.com,Male,179.227.223.54
337,Dallis,Farraway,dfarraway9c@devhub.com,Male,141.52.173.219
338,Karlens,Besant,kbesant9d@oaic.gov.au,Male,151.128.198.241
339,Devan,Seakes,dseakes9e@123-reg.co.uk,Non-binary,21.89.181.237
340,Shayna,Lagen,slagen9f@yahoo.co.jp,Female,98.44.80.109
341,Salmon,Easdon,seasdon9g@samsung.com,Male,192.56.94.55
342,Wylma,Lord,wlord9h@youtube.com,Female,57.0.35.248
343,Juliana,Meineken,jmeineken9i@drupal.org,Female,59.136.1.63
344,Eric,Keizman,ekeizman9j@reverbnation.com,Male,23.210.128.42
345,Marcia,Syvret,msyvret9k@paypal.com,Bigender,118.183.22.47
346,Sydel,Cranefield,scranefield9l@discuz.net,Female,47.225.100.55
347,Avram,Herrieven,aherrieven9m@360.cn,Male,92.85.200.254
348,Dasha,Harlow,dharlow9n@google.com.au,Non-binary,188.99.92.83
349,Sonya,Wraith,swraith9o@ask.com,Female,222.87.214.151
350,Brinn,Labden,blabden9p@wikispaces.com,Female,230.151.40.171
351,Dalila,Bembrick,dbembrick9q@infoseek.co.jp,Female,142.237.203.184
352,Gavan,Stutter,gstutter9r@printfriendly.com,Male,249.32.111.239
353,Madlen,Jarvis,mjarvis9s@cbc.ca,Female,229.250.20.0
354,Nickolai,Verson,nverson9t@fema.gov,Male,59.42.122.125
355,Ariadne,MacCartair,amaccartair9u@loc.gov,Female,107.130.55.191
356,Junina,Potteridge,jpotteridge9v@exblog.jp,Female,145.90.145.91
357,Georgeanna,Edwick,gedwick9w@about.com,Female,176.172.128.175
358,Eziechiele,Clear,eclear9x@state.gov,Male,120.218.243.77
359,Hayes,Walrond,hwalrond9y@usgs.gov,Male,190.79.106.16
360,Julietta,Nossent,jnossent9z@merriam-webster.com,Female,205.226.2.88
361,Gabrielle,Marrington,gmarringtona0@slashdot.org,Female,211.129.138.107
362,Milty,Safont,msafonta1@comsenz.com,Male,163.234.111.28
363,Shurwood,Perrelle,sperrellea2@mozilla.org,Male,8.240.175.139
364,Nerty,Farnie,nfarniea3@ucsd.edu,Female,23.3.241.150
365,Nevin,Furzer,nfurzera4@narod.ru,Male,228.81.252.5
366,Norry,Cornelleau,ncornelleaua5@pagesperso-orange.fr,Male,49.76.125.90
367,Ruby,Ride,rridea6@nsw.gov.au,Male,195.73.79.146
368,Duke,Bonass,dbonassa7@123-reg.co.uk,Male,123.179.69.192
369,Katina,Spada,kspadaa8@cornell.edu,Female,6.228.10.236
370,Nikos,Camell,ncamella9@wsj.com,Polygender,240.36.210.93
371,Abagael,Yurkov,ayurkovaa@apache.org,Female,47.142.55.153
372,Emili,Twiname,etwinameab@hibu.com,Female,49.155.1.226
373,Idette,Britnell,ibritnellac@msu.edu,Female,208.248.253.34
374,Bendix,Doey,bdoeyad@phoca.cz,Male,187.213.66.133
375,Rollie,Martelet,rmarteletae@bbc.co.uk,Genderfluid,126.229.130.225
376,Trudi,Pavy,tpavyaf@gnu.org,Genderqueer,134.102.119.181
377,Stephi,Kristof,skristofag@alibaba.com,Agender,212.163.78.41
378,Sawyer,Jagels,sjagelsah@icio.us,Male,83.178.114.54
379,Latia,Garriock,lgarriockai@google.cn,Female,62.171.19.76
380,Arlen,Crosscombe,acrosscombeaj@noaa.gov,Bigender,183.149.57.81
381,Karisa,Coppock.,kcoppockak@ted.com,Female,53.34.245.119
382,Alyssa,Kerswill,akerswillal@addthis.com,Female,129.90.81.162
383,Brig,Poynzer,bpoynzeram@archive.org,Male,33.38.10.153
384,Bard,Jarrelt,bjarreltan@berkeley.edu,Male,130.120.9.26
385,Mortimer,Colombier,mcolombierao@uiuc.edu,Male,250.119.145.49
386,Marthe,Ratcliffe,mratcliffeap@hostgator.com,Female,77.164.176.14
387,Christopher,Vigietti,cvigiettiaq@odnoklassniki.ru,Male,219.69.36.55
388,Aubrey,Guynemer,aguynemerar@alexa.com,Female,87.41.72.141
389,Francyne,Gleave,fgleaveas@parallels.com,Female,103.27.91.99
390,Euell,Wellings,ewellingsat@uiuc.edu,Male,143.114.40.168
391,Piper,Stampe,pstampeau@bloglines.com,Female,186.88.17.20
392,Anallise,Christofle,achristofleav@boston.com,Female,11.206.40.76
393,Jandy,Dispencer,jdispenceraw@meetup.com,Female,207.11.77.84
394,Babbie,Greenan,bgreenanax@nydailynews.com,Female,80.95.172.27
395,Kerrin,Holliar,kholliaray@netvibes.com,Bigender,165.111.240.205
396,Kore,Cheal,kchealaz@youtube.com,Female,212.98.83.148
397,Simeon,Gainfort,sgainfortb0@miitbeian.gov.cn,Male,249.45.131.50
398,Barnard,Fearick,bfearickb1@ted.com,Male,53.251.211.223
399,Molly,Lauks,mlauksb2@live.com,Female,136.106.160.99
400,Shepard,Stode,sstodeb3@technorati.com,Male,42.137.180.20
401,Joshua,Driffe,jdriffeb4@examiner.com,Male,43.50.195.100
402,Lazar,Chevers,lcheversb5@opera.com,Non-binary,14.207.71.37
403,Hillyer,Bennike,hbennikeb6@ed.gov,Male,37.250.14.228
404,Gisela,Kenewel,gkenewelb7@hatena.ne.jp,Female,83.211.176.88
405,Genvieve,Dedman,gdedmanb8@tumblr.com,Female,248.13.146.128
406,Nonnah,Dennington,ndenningtonb9@moonfruit.com,Female,173.6.19.134
407,Traver,Evison,tevisonba@i2i.jp,Agender,30.134.214.84
408,Katusha,Cuberley,kcuberleybb@vk.com,Female,115.99.219.162
409,Garfield,Quaif,gquaifbc@ca.gov,Male,67.102.239.123
410,Conney,Oris,corisbd@icq.com,Male,204.121.254.224
411,Ardelis,Enevold,aenevoldbe@domainmarket.com,Female,44.119.52.231
412,Nessy,Ioannidis,nioannidisbf@foxnews.com,Female,57.27.13.2
413,Penelope,Gouge,pgougebg@unicef.org,Female,89.176.18.117
414,Neale,Amiable,namiablebh@naver.com,Male,181.187.139.97
415,Jaquelin,Rablin,jrablinbi@webnode.com,Female,249.128.26.246
416,Waly,Rothchild,wrothchildbj@ftc.gov,Female,123.66.153.170
417,Nevile,Whyke,nwhykebk@histats.com,Male,136.105.233.30
418,Marje,Solley,msolleybl@networkadvertising.org,Agender,229.172.31.193
419,Andria,Bowden,abowdenbm@jigsy.com,Female,11.149.254.183
420,Tilly,Ritter,tritterbn@livejournal.com,Female,101.76.149.123
421,Edyth,Berrill,eberrillbo@godaddy.com,Female,170.218.39.118
422,Billie,Simes,bsimesbp@hexun.com,Female,55.26.81.21
423,Glenn,Ransley,gransleybq@bravesites.com,Polygender,56.99.51.96
424,Giuseppe,Roome,groomebr@blogspot.com,Male,112.47.146.56
425,Venus,Rankmore,vrankmorebs@merriam-webster.com,Female,225.226.143.144
426,Fredric,Lingner,flingnerbt@cnet.com,Male,100.89.65.253
427,Joseph,De Wolfe,jdewolfebu@friendfeed.com,Male,210.66.199.233
428,Red,Gorries,rgorriesbv@123-reg.co.uk,Male,11.230.75.77
429,Janek,Kohtler,jkohtlerbw@blogspot.com,Male,70.152.156.58
430,Brett,Boij,bboijbx@friendfeed.com,Female,95.239.252.241
431,Armin,Hesbrook,ahesbrookby@jugem.jp,Male,7.82.98.186
432,Kathye,Ferrieroi,kferrieroibz@netvibes.com,Female,243.202.18.68
433,Cornelius,O'Doireidh,codoireidhc0@paginegialle.it,Male,124.140.64.124
434,Chilton,MacRitchie,cmacritchiec1@amazon.com,Male,176.139.232.97
435,Ronna,Nardrup,rnardrupc2@cmu.edu,Female,230.189.145.43
436,Rebeca,Jobling,rjoblingc3@paypal.com,Female,176.44.60.162
437,Karee,Greenig,kgreenigc4@t.co,Female,129.30.168.210
438,Teriann,Ishaki,tishakic5@cdbaby.com,Female,0.98.49.250
439,Farrell,Londer,flonderc6@columbia.edu,Male,16.66.156.37
440,Mychal,Colliver,mcolliverc7@domainmarket.com,Male,16.138.102.217
441,Maximilien,Gurton,mgurtonc8@studiopress.com,Male,139.14.128.26
442,Ignacio,Penquet,ipenquetc9@hostgator.com,Male,45.156.22.212
443,Aeriel,Goligher,agoligherca@ycombinator.com,Female,143.128.99.71
444,Tymothy,Vickarman,tvickarmancb@nationalgeographic.com,Male,25.148.75.191
445,Averell,Dalligan,adalligancc@dedecms.com,Male,106.184.167.236
446,Gui,McEnery,gmcenerycd@goo.ne.jp,Female,7.117.93.195
447,Marven,Strutton,mstruttonce@google.com,Male,137.243.123.49
448,Boy,Campbell-Dunlop,bcampbelldunlopcf@wp.com,Male,89.128.230.64
449,Theodore,Lougheed,tlougheedcg@friendfeed.com,Male,230.162.86.68
450,Jeffie,Blowin,jblowinch@vimeo.com,Male,129.152.182.3
451,Gaylor,Lomax,glomaxci@vkontakte.ru,Male,133.9.168.211
452,Marty,Turley,mturleycj@nationalgeographic.com,Female,238.233.64.227
453,Kearney,Orring,korringck@vistaprint.com,Male,64.93.213.46
454,Standford,Greason,sgreasoncl@huffingtonpost.com,Male,51.8.68.11
455,Barthel,Bleyman,bbleymancm@freewebs.com,Male,33.112.36.66
456,Bronnie,Treace,btreacecn@github.io,Male,110.10.224.185
457,Sheffie,Newbigging,snewbiggingco@dedecms.com,Male,62.129.137.101
458,Sky,Pugsley,spugsleycp@cloudflare.com,Male,65.68.194.37
459,Bryce,Carleton,bcarletoncq@furl.net,Male,179.135.241.75
460,Grover,Colledge,gcolledgecr@purevolume.com,Male,132.128.150.143
461,Keslie,Wildgoose,kwildgoosecs@answers.com,Female,50.149.99.243
462,Colly,Judgkins,cjudgkinsct@discovery.com,Female,160.146.153.32
463,Mira,Van den Velden,mvandenveldencu@google.com.au,Female,180.10.111.237
464,Meridith,Albarez,malbarezcv@upenn.edu,Female,105.59.166.80
465,Adria,But,abutcw@huffingtonpost.com,Female,13.255.190.12
466,Tremaine,Jagg,tjaggcx@ucsd.edu,Male,3.168.156.58
467,Renell,Kleinholz,rkleinholzcy@furl.net,Female,146.106.246.158
468,Petronilla,Varvara,pvarvaracz@de.vu,Female,25.53.142.47
469,Jens,Gyves,jgyvesd0@virginia.edu,Agender,118.127.228.182
470,Betsy,Oldam,boldamd1@tmall.com,Female,170.157.156.220
471,Gregorius,Fullbrook,gfullbrookd2@technorati.com,Male,113.244.122.111
472,Garner,Blamires,gblamiresd3@typepad.com,Male,197.125.105.96
473,Therine,Steward,tstewardd4@flickr.com,Female,221.147.162.45
474,Benji,Ingleton,bingletond5@woothemes.com,Male,88.136.180.12
475,Bat,Darrel,bdarreld6@un.org,Male,25.252.166.83
476,Kristi,Hands,khandsd7@omniture.com,Female,124.17.26.213
477,Fowler,Ollcott,follcottd8@hp.com,Male,178.116.165.139
478,Bili,Fold,bfoldd9@barnesandnoble.com,Female,49.184.54.128
479,Daniele,De'Vere - Hunt,ddeverehuntda@ocn.ne.jp,Female,227.253.15.82
480,Osgood,Frogley,ofrogleydb@stanford.edu,Male,254.3.18.185
481,Courtenay,Collidge,ccollidgedc@livejournal.com,Female,43.55.201.220
482,Terencio,Larkkem,tlarkkemdd@hubpages.com,Male,106.141.217.210
483,Raddy,Cockill,rcockillde@scribd.com,Genderqueer,198.92.5.145
484,Levin,Drewry,ldrewrydf@dedecms.com,Male,243.89.247.15
485,Sib,Grayne,sgraynedg@webmd.com,Female,187.138.40.11
486,Marita,Leadbeatter,mleadbeatterdh@goo.gl,Female,196.217.175.87
487,Cynthy,Kristof,ckristofdi@sohu.com,Female,209.225.53.79
488,Nat,Beardall,nbeardalldj@amazon.co.uk,Male,21.216.58.57
489,Court,Rafferty,craffertydk@altervista.org,Male,48.237.217.51
490,Alethea,Chaplain,achaplaindl@home.pl,Female,226.98.247.197
491,Luke,Brumbye,lbrumbyedm@people.com.cn,Male,69.189.211.144
492,Tobe,O'Carmody,tocarmodydn@census.gov,Male,79.84.209.147
493,George,Lockey,glockeydo@nhs.uk,Female,207.17.222.21
494,Emiline,Fenix,efenixdp@apple.com,Female,125.42.196.244
495,Dana,Hugli,dhuglidq@w3.org,Genderfluid,252.121.97.176
496,Adelle,Eneas,aeneasdr@csmonitor.com,Female,74.251.6.62
497,Thomasa,Loveard,tloveardds@creativecommons.org,Female,87.107.225.144
498,Billie,Jeanenet,bjeanenetdt@slashdot.org,Female,99.63.13.246
499,Ferdinand,Illsley,fillsleydu@youtu.be,Male,128.225.123.17
500,Oberon,Willshire,owillshiredv@barnesandnoble.com,Male,81.230.28.101
501,Alix,Redley,aredleydw@a8.net,Male,71.169.194.254
502,Antons,Carslaw,acarslawdx@about.com,Male,189.111.181.105
503,Kristian,Matheson,kmathesondy@goodreads.com,Male,127.64.174.163
504,Janette,Bleddon,jbleddondz@washingtonpost.com,Polygender,251.56.2.212
505,Birk,Fowden,bfowdene0@blog.com,Polygender,3.62.220.244
506,Jeremie,Opie,jopiee1@miitbeian.gov.cn,Male,46.135.152.206
507,Kevina,Mapletoft,kmapletofte2@reverbnation.com,Female,29.45.184.98
508,Nelly,Roote,nrootee3@weebly.com,Female,111.29.237.163
509,Hazel,Shorto,hshortoe4@msn.com,Female,222.29.133.218
510,Charmane,Swash,cswashe5@lycos.com,Bigender,148.5.155.9
511,Tori,Morillas,tmorillase6@scribd.com,Female,102.183.237.108
512,Harald,Seilmann,hseilmanne7@wix.com,Male,250.99.54.141
513,Harmony,Scannell,hscannelle8@linkedin.com,Female,184.157.105.50
514,Carmelita,Waddington,cwaddingtone9@etsy.com,Female,161.52.97.202
515,Roanna,Fulleylove,rfulleyloveea@nba.com,Genderqueer,123.173.63.40
516,Yulma,Oldridge,yoldridgeeb@wired.com,Male,181.204.162.33
517,Carolina,Cutforth,ccutforthec@slideshare.net,Female,71.213.138.6
518,Nara,Juza,njuzaed@mapquest.com,Female,25.12.16.144
519,Shepard,Guppie,sguppieee@shareasale.com,Male,168.251.176.232
520,Thacher,Syder,tsyderef@sciencedirect.com,Male,74.187.10.226
521,Sidonnie,Ince,sinceeg@oracle.com,Female,60.168.211.112
522,Lawton,Jacson,ljacsoneh@nps.gov,Male,187.12.80.170
523,Jude,Mullane,jmullaneei@nytimes.com,Male,57.32.251.50
524,Lainey,Spurdle,lspurdleej@youtube.com,Female,29.172.87.110
525,Thane,Schole,tscholeek@vistaprint.com,Male,74.81.83.74
526,Therese,Maryin,tmaryinel@mashable.com,Female,119.169.213.209
527,Bobine,Jakab,bjakabem@auda.org.au,Genderqueer,111.33.226.47
528,Catrina,Godmer,cgodmeren@yolasite.com,Female,43.228.237.211
529,Vonnie,Eddicott,veddicotteo@ameblo.jp,Female,87.50.72.189
530,Man,Langlois,mlangloisep@artisteer.com,Male,58.191.230.127
531,Marius,Shemming,mshemmingeq@yahoo.co.jp,Male,12.4.205.187
532,Tuesday,Carbine,tcarbineer@sciencedirect.com,Genderfluid,210.84.9.13
533,Haily,Safhill,hsafhilles@paypal.com,Female,189.234.26.155
534,Ben,Blees,bbleeset@seattletimes.com,Male,17.183.125.13
535,Kerry,Wrotham,kwrothameu@cyberchimps.com,Female,90.3.218.157
536,Casar,Comazzo,ccomazzoev@scribd.com,Male,49.225.225.121
537,Bobette,Pennick,bpennickew@yahoo.com,Female,211.23.139.27
538,Adora,Garbott,agarbottex@ft.com,Polygender,230.32.133.233
539,Derwin,Bonelle,dbonelleey@who.int,Male,81.174.83.199
540,Faber,Dedam,fdedamez@cnn.com,Male,137.107.12.187
541,Carie,Nutty,cnuttyf0@intel.com,Female,4.248.224.237
542,Marrilee,Elner,melnerf1@de.vu,Female,91.19.108.135
543,Matteo,Coit,mcoitf2@newyorker.com,Male,75.118.199.103
544,Arlan,Casin,acasinf3@ftc.gov,Polygender,47.236.24.71
545,Naomi,Jaimez,njaimezf4@photobucket.com,Female,79.206.77.106
546,Clemmy,Emloch,cemlochf5@behance.net,Male,222.9.24.86
547,Fara,Darleston,fdarlestonf6@zdnet.com,Female,201.213.45.24
548,Marie-ann,Whardley,mwhardleyf7@weibo.com,Female,8.183.147.15
549,Pepillo,Espinoza,pespinozaf8@domainmarket.com,Male,161.45.146.195
550,Tracee,Manjin,tmanjinf9@loc.gov,Female,23.241.121.47
551,Dick,Endacott,dendacottfa@amazon.co.jp,Male,133.53.89.117
552,Shaylah,Salack,ssalackfb@fema.gov,Female,5.145.220.196
553,Theodora,Bellord,tbellordfc@is.gd,Female,222.229.94.196
554,Cherianne,Hickenbottom,chickenbottomfd@pcworld.com,Female,55.247.79.147
555,Barrie,Pitson,bpitsonfe@shop-pro.jp,Male,49.128.117.158
556,Boris,Angier,bangierff@purevolume.com,Male,85.199.72.120
557,Alisun,Sefton,aseftonfg@sciencedaily.com,Female,100.30.18.15
558,Matt,Vasyutin,mvasyutinfh@yelp.com,Male,226.232.172.226
559,Jeane,O'Cosgra,jocosgrafi@columbia.edu,Female,217.160.26.70
560,Thacher,Hoyle,thoylefj@addtoany.com,Genderqueer,226.77.7.3
561,Kora,Corradino,kcorradinofk@state.tx.us,Female,109.227.163.216
562,Ximenez,Cherry,xcherryfl@businessweek.com,Male,191.20.101.66
563,Gina,Wroughton,gwroughtonfm@weibo.com,Female,148.154.211.248
564,Giuditta,Clemencet,gclemencetfn@a8.net,Female,166.167.235.234
565,Jo-ann,Keat,jkeatfo@gmpg.org,Female,8.218.41.219
566,Dniren,Deighton,ddeightonfp@google.de,Female,134.72.164.165
567,Henrieta,Dundridge,hdundridgefq@umich.edu,Female,72.96.221.129
568,Kala,Orum,korumfr@theguardian.com,Female,82.155.180.177
569,Donovan,Lamlin,dlamlinfs@github.io,Male,252.65.23.116
570,Rebe,Sitlinton,rsitlintonft@purevolume.com,Female,240.94.74.164
571,Land,Loeber,lloeberfu@odnoklassniki.ru,Male,107.54.137.70
572,Micheal,Winterson,mwintersonfv@rakuten.co.jp,Male,43.165.44.215
573,Silva,Earwaker,searwakerfw@prweb.com,Female,177.21.213.227
574,Bernardine,Limpertz,blimpertzfx@bizjournals.com,Female,196.19.239.68
575,Rosalia,McCaffery,rmccafferyfy@live.com,Genderfluid,58.2.226.93
576,Elinor,Renahan,erenahanfz@amazon.de,Female,19.9.151.62
577,Alex,Sherlaw,asherlawg0@deliciousdays.com,Female,88.56.78.236
578,Zora,Frankel,zfrankelg1@japanpost.jp,Female,121.79.218.113
579,Patrizius,Duffit,pduffitg2@msn.com,Genderfluid,51.95.44.253
580,Patrice,Walesby,pwalesbyg3@homestead.com,Male,196.125.96.61
581,Billie,Jossum,bjossumg4@github.io,Female,148.137.189.24
582,Frankie,Saurat,fsauratg5@theatlantic.com,Male,155.38.210.209
583,Stefan,Rambadt,srambadtg6@fda.gov,Male,52.203.92.6
584,Latia,Kasher,lkasherg7@twitter.com,Female,254.222.190.254
585,Billie,Farnsworth,bfarnsworthg8@mozilla.com,Male,42.218.243.163
586,Gordan,McKechnie,gmckechnieg9@vistaprint.com,Male,180.91.20.8
587,Miran,Frigot,mfrigotga@hud.gov,Female,170.191.248.130
588,Herbert,Tingcomb,htingcombgb@arstechnica.com,Male,231.14.159.166
589,Dynah,Audry,daudrygc@un.org,Female,158.189.53.107
590,Foster,Marriot,fmarriotgd@dailymail.co.uk,Male,96.104.111.252
591,Dorey,Keasey,dkeaseyge@bing.com,Agender,133.35.23.197
592,Ingunna,Sillwood,isillwoodgf@kickstarter.com,Bigender,249.24.98.223
593,Mathias,Burkett,mburkettgg@ihg.com,Male,218.159.142.34
594,Kahaleel,Clayal,kclayalgh@list-manage.com,Male,202.177.97.136
595,Stanleigh,Guslon,sguslongi@clickbank.net,Male,85.40.124.70
596,Christin,Flatte,cflattegj@businessinsider.com,Female,92.227.72.214
597,Desirae,Casterot,dcasterotgk@hc360.com,Female,214.100.47.162
598,Irma,Erskine Sandys,ierskinesandysgl@de.vu,Female,124.193.151.206
599,Elizabet,Yeskov,eyeskovgm@zdnet.com,Female,112.158.9.125
600,Ilysa,Cantos,icantosgn@ucoz.com,Female,189.34.219.95
601,Lira,Stansall,lstansallgo@drupal.org,Female,113.16.104.247
602,Jere,Hightown,jhightowngp@zdnet.com,Female,203.101.225.130
603,Renato,Lalevee,rlaleveegq@icq.com,Non-binary,75.78.117.166
604,Vittoria,Lagadu,vlagadugr@freewebs.com,Female,19.78.219.50
605,Delinda,Haresign,dharesigngs@harvard.edu,Female,208.119.143.94
606,Ronnica,Wimlet,rwimletgt@theatlantic.com,Female,211.152.144.114
607,Zane,Levesque,zlevesquegu@xing.com,Male,107.76.136.214
608,Leanor,Purple,lpurplegv@facebook.com,Female,4.71.232.101
609,Almeda,Jarley,ajarleygw@phoca.cz,Female,182.179.182.21
610,Dud,Harman,dharmangx@tripadvisor.com,Male,221.149.43.32
611,Burnard,Artingstall,bartingstallgy@cbc.ca,Male,155.230.51.249
612,Eustacia,Golton,egoltongz@webmd.com,Female,62.11.112.65
613,Nadean,Thornewell,nthornewellh0@flavors.me,Female,178.246.203.169
614,Valentine,Boame,vboameh1@wordpress.com,Agender,68.183.16.234
615,Ashbey,O'Corrin,aocorrinh2@4shared.com,Male,238.33.25.2
616,Wilt,Bellson,wbellsonh3@alexa.com,Male,147.240.162.17
617,Brook,Voelker,bvoelkerh4@fotki.com,Polygender,227.70.4.91
618,George,Walisiak,gwalisiakh5@simplemachines.org,Female,116.254.143.151
619,Jeri,Rolfo,jrolfoh6@istockphoto.com,Female,221.246.117.189
620,Carlota,Jennaway,cjennawayh7@networksolutions.com,Female,241.219.50.243
621,Adolf,Stroud,astroudh8@hhs.gov,Male,23.29.50.96
622,Cassy,Fliege,cfliegeh9@google.co.uk,Female,239.127.98.121
623,Almeda,Camus,acamusha@taobao.com,Female,17.147.242.75
624,Quintus,Vader,qvaderhb@reuters.com,Male,38.211.161.129
625,Windham,Stobbie,wstobbiehc@rediff.com,Male,194.106.211.200
626,Gill,Masseo,gmasseohd@addthis.com,Non-binary,240.5.236.85
627,Keene,Dack,kdackhe@scientificamerican.com,Male,238.66.39.59
628,Dominick,Neller,dnellerhf@altervista.org,Male,86.53.181.254
629,Alvan,Dudill,adudillhg@wix.com,Male,162.178.132.243
630,Conan,Randal,crandalhh@columbia.edu,Male,102.2.235.238
631,Hewet,Kornel,hkornelhi@dot.gov,Male,64.154.81.72
632,Roda,Harrema,rharremahj@bravesites.com,Polygender,66.207.89.237
633,Killie,Solon,ksolonhk@jalbum.net,Male,145.5.40.12
634,Nowell,Beaves,nbeaveshl@elegantthemes.com,Male,137.242.146.190
635,Anthony,Licas,alicashm@hexun.com,Male,115.99.98.99
636,Nye,Hampton,nhamptonhn@friendfeed.com,Male,176.5.214.212
637,Becka,Reburn,breburnho@feedburner.com,Female,9.156.81.97
638,Zacharia,Parkman,zparkmanhp@slashdot.org,Male,68.142.110.114
639,Emmalynne,Redhouse,eredhousehq@blogger.com,Female,234.22.208.117
640,Jaine,Crunkhorn,jcrunkhornhr@wix.com,Female,25.198.226.117
641,Marika,Voas,mvoashs@list-manage.com,Female,40.24.4.139
642,Salem,Tearny,stearnyht@qq.com,Male,146.108.189.60
643,Nessie,Stoffler,nstofflerhu@reuters.com,Agender,1.237.171.145
644,George,Bramford,gbramfordhv@jiathis.com,Agender,180.5.159.205
645,Janetta,Sloy,jsloyhw@biglobe.ne.jp,Genderqueer,71.26.215.73
646,Mariel,Fernao,mfernaohx@devhub.com,Female,19.108.184.106
647,Rubin,Rouch,rrouchhy@indiegogo.com,Male,154.111.253.14
648,Siobhan,Felder,sfelderhz@storify.com,Female,243.238.159.194
649,Pepito,Duffitt,pduffitti0@spiegel.de,Male,192.133.246.240
650,Dita,Kumaar,dkumaari1@goo.ne.jp,Female,120.106.182.163
651,Nicky,Stit,nstiti2@yahoo.co.jp,Male,7.230.1.24
652,Rachael,Face,rfacei3@cafepress.com,Female,67.203.157.183
653,Virgie,Gerrelts,vgerreltsi4@slate.com,Male,75.23.176.182
654,Marylinda,Gercke,mgerckei5@bandcamp.com,Female,89.117.97.62
655,Merissa,Tournay,mtournayi6@guardian.co.uk,Female,187.199.161.65
656,Sal,Saladine,ssaladinei7@blogs.com,Female,195.200.86.80
657,Larine,Turbitt,lturbitti8@state.tx.us,Female,210.145.237.203
658,Sheridan,Wing,swingi9@senate.gov,Male,164.7.241.219
659,Nap,Kiggel,nkiggelia@sciencedaily.com,Male,46.84.105.186
660,Mabel,Hargrove,mhargroveib@wufoo.com,Female,205.36.149.103
661,Gwenora,Garbott,ggarbottic@pagesperso-orange.fr,Female,203.32.225.182
662,Chelsy,Dragonette,cdragonetteid@amazon.com,Female,217.81.248.18
663,Reba,Curds,rcurdsie@1und1.de,Female,37.50.63.117
664,Ingar,Pilmer,ipilmerif@usgs.gov,Male,128.79.228.86
665,Gabe,Hort,ghortig@mac.com,Male,10.1.90.112
666,Willem,McGaraghan,wmcgaraghanih@bluehost.com,Male,199.246.147.180
667,Jerome,Crowdy,jcrowdyii@wix.com,Male,228.200.131.109
668,Honor,Roman,hromanij@dailymail.co.uk,Female,254.65.204.180
669,Theresita,Brattan,tbrattanik@redcross.org,Female,77.227.248.199
670,Danella,De Bruyn,ddebruynil@sbwire.com,Female,82.16.179.9
671,Kipp,Nobriga,knobrigaim@webnode.com,Male,143.229.215.29
672,Jackie,Wraighte,jwraightein@ehow.com,Female,48.161.217.49
673,Gay,Buche,gbucheio@woothemes.com,Male,104.3.92.9
674,Davidde,Alfuso,dalfusoip@narod.ru,Male,176.226.209.204
675,Hurlee,Kell,hkelliq@51.la,Male,255.151.251.29
676,Leon,Woodlands,lwoodlandsir@umich.edu,Male,208.36.147.221
677,Eva,Lygo,elygois@nationalgeographic.com,Female,119.170.1.77
678,Dee dee,Thorrington,dthorringtonit@salon.com,Female,29.170.90.213
679,Ingram,Jerman,ijermaniu@dion.ne.jp,Genderfluid,164.144.244.86
680,Melanie,Allwright,mallwrightiv@cbsnews.com,Female,174.81.229.173
681,Annmarie,Santostefano.,asantostefanoiw@dropbox.com,Agender,252.110.121.208
682,Harriott,Lavalde,hlavaldeix@aol.com,Female,248.198.48.200
683,Rossy,Brakewell,rbrakewelliy@hud.gov,Male,1.206.163.99
684,Scottie,Castagneri,scastagneriiz@ihg.com,Male,78.232.133.163
685,Georgy,Murfett,gmurfettj0@nyu.edu,Male,194.16.76.166
686,Lian,Hackleton,lhackletonj1@cmu.edu,Female,102.236.143.231
687,Jule,Obern,jobernj2@netscape.com,Male,99.211.207.127
688,Catlaina,Lohmeyer,clohmeyerj3@utexas.edu,Female,233.120.62.243
689,Gabby,Tench,gtenchj4@walmart.com,Male,150.189.4.193
690,Erl,Matejka,ematejkaj5@dailymotion.com,Male,0.217.117.21
691,Eadmund,Armytage,earmytagej6@angelfire.com,Male,177.123.147.206
692,Trudey,Elphinston,telphinstonj7@shareasale.com,Female,177.154.158.43
693,Neddy,Bruni,nbrunij8@homestead.com,Male,151.75.178.152
694,Carree,Tradewell,ctradewellj9@businessinsider.com,Female,150.210.166.28
695,Webb,Emblem,wemblemja@twitpic.com,Male,95.150.36.29
696,Robbin,Bremen,rbremenjb@vkontakte.ru,Female,136.116.51.197
697,Giffer,Faber,gfaberjc@oakley.com,Polygender,46.14.150.196
698,Cristobal,Zmitruk,czmitrukjd@live.com,Male,57.140.63.20
699,Paddy,Luttgert,pluttgertje@blinklist.com,Genderfluid,221.144.83.186
700,Margaretta,Glassborow,mglassborowjf@chicagotribune.com,Female,82.247.201.155
701,Niki,Prickett,nprickettjg@wix.com,Female,106.194.178.138
702,Geri,Cadagan,gcadaganjh@sciencedaily.com,Male,225.173.41.196
703,Pattin,Vince,pvinceji@deviantart.com,Male,227.192.177.158
704,Savina,Codron,scodronjj@infoseek.co.jp,Female,14.119.66.23
705,Marlene,Pendlebury,mpendleburyjk@shinystat.com,Agender,145.28.185.114
706,Aeriel,McAlister,amcalisterjl@shareasale.com,Female,202.109.141.123
707,Erich,Giraudeau,egiraudeaujm@wikimedia.org,Male,165.130.209.203
708,Kurt,Dome,kdomejn@rambler.ru,Male,44.154.228.232
709,Keane,Guidetti,kguidettijo@goo.ne.jp,Male,244.176.140.111
710,Ardys,Davenhill,adavenhilljp@auda.org.au,Female,220.160.140.79
711,Isa,Rothschild,irothschildjq@sciencedirect.com,Male,196.248.248.42
712,Hanna,Bowdon,hbowdonjr@amazon.co.jp,Female,228.121.147.118
713,Keen,Aicken,kaickenjs@unicef.org,Male,197.10.191.254
714,Stewart,Pinks,spinksjt@mapquest.com,Genderfluid,196.56.57.195
715,Liane,Fabler,lfablerju@com.com,Genderqueer,21.104.60.116
716,Pierce,Egginson,pegginsonjv@google.es,Male,154.182.119.210
717,Karissa,Reisenstein,kreisensteinjw@opera.com,Female,199.74.40.128
718,Brade,Bernier,bbernierjx@umich.edu,Male,12.213.1.252
719,Kalli,Starmore,kstarmorejy@godaddy.com,Female,25.24.24.36
720,Toni,Lube,tlubejz@kickstarter.com,Female,66.29.70.162
721,Amii,Boyles,aboylesk0@de.vu,Female,200.31.246.67
722,Alanson,Gurg,agurgk1@simplemachines.org,Male,26.118.68.68
723,Heindrick,Faichney,hfaichneyk2@omniture.com,Male,142.119.167.127
724,Skippie,Robjohns,srobjohnsk3@hugedomains.com,Male,161.96.179.192
725,Devon,Bullon,dbullonk4@senate.gov,Female,104.250.32.136
726,Celina,Sloan,csloank5@last.fm,Female,196.145.182.108
727,Alexis,Unsworth,aunsworthk6@ucoz.com,Male,19.122.164.208
728,Felicity,Christophe,fchristophek7@taobao.com,Female,147.244.28.195
729,Rodina,Ksandra,rksandrak8@intel.com,Female,49.8.236.66
730,Kirstin,Feldmus,kfeldmusk9@usnews.com,Female,191.94.219.66
731,Britteny,Bernat,bbernatka@shinystat.com,Female,203.159.116.0
732,Herbert,Tuffs,htuffskb@unblog.fr,Male,200.254.203.204
733,Renae,Dew,rdewkc@ucoz.ru,Female,134.170.35.119
734,Genia,Adrianello,gadrianellokd@smugmug.com,Female,108.209.141.10
735,Robina,Dreus,rdreuske@sciencedirect.com,Female,170.36.62.138
736,Ebenezer,Lemanu,elemanukf@paginegialle.it,Male,191.31.56.12
737,Rhodie,Wardhough,rwardhoughkg@cmu.edu,Female,137.4.33.247
738,Amil,Wyatt,awyattkh@google.es,Female,54.129.181.152
739,Micheline,Jewes,mjeweski@time.com,Female,12.121.90.189
740,Charlena,Brimmell,cbrimmellkj@ihg.com,Female,95.17.181.185
741,Janeva,Codd,jcoddkk@economist.com,Female,229.167.48.250
742,Julienne,Gooderick,jgooderickkl@tinyurl.com,Female,158.5.33.96
743,Odell,Roughley,oroughleykm@indiatimes.com,Male,47.162.52.134
744,Alard,Oakman,aoakmankn@ft.com,Male,80.136.36.65
745,Vallie,Thew,vthewko@usnews.com,Female,170.100.205.38
746,Felecia,Caplen,fcaplenkp@ezinearticles.com,Female,128.40.240.240
747,Alonso,Edbrooke,aedbrookekq@e-recht24.de,Male,41.79.48.101
748,Mary,Warsap,mwarsapkr@paypal.com,Female,181.206.219.20
749,Egor,Van der Brugge,evanderbruggeks@yandex.ru,Male,97.187.123.21
750,Tabitha,Kagan,tkagankt@tumblr.com,Female,19.153.70.246
751,Penrod,Dorrington,pdorringtonku@mapy.cz,Male,69.234.92.31
752,Amalee,Dufty,aduftykv@apache.org,Female,65.117.49.235
753,Garth,Zecchetti,gzecchettikw@spiegel.de,Male,221.62.221.217
754,Merwin,Goroni,mgoronikx@usnews.com,Male,21.45.65.108
755,Ezechiel,Bennellick,ebennellickky@redcross.org,Male,20.245.195.28
756,Mitchell,Briat,mbriatkz@behance.net,Genderqueer,9.223.44.164
757,Onida,Snellman,osnellmanl0@arstechnica.com,Female,232.45.230.75
758,Maximilien,Klewer,mklewerl1@google.it,Male,27.129.146.128
759,Selma,Flaxon,sflaxonl2@seesaa.net,Female,231.194.81.154
760,Tootsie,Yates,tyatesl3@tumblr.com,Female,31.149.125.16
761,Sonnie,Saban,ssabanl4@i2i.jp,Female,139.55.205.0
762,Garret,Belin,gbelinl5@paginegialle.it,Male,168.62.45.235
763,Dianne,Greser,dgreserl6@dedecms.com,Female,219.34.92.117
764,Aguste,Scogin,ascoginl7@4shared.com,Male,49.98.52.47
765,Libbi,Harrington,lharringtonl8@delicious.com,Female,238.214.41.223
766,Tammi,Bachelor,tbachelorl9@wikimedia.org,Polygender,198.80.124.186
767,Forrester,Faughny,ffaughnyla@timesonline.co.uk,Male,46.43.96.72
768,Berton,Bartelli,bbartellilb@cbc.ca,Male,174.243.252.170
769,Brad,Gullick,bgullicklc@cloudflare.com,Male,146.235.185.220
770,Jo ann,Hankey,jhankeyld@sitemeter.com,Female,143.53.206.134
771,Aggy,Quinton,aquintonle@naver.com,Female,118.3.128.245
772,Ker,Lumpkin,klumpkinlf@posterous.com,Genderfluid,187.212.75.99
773,Ad,Helder,ahelderlg@uiuc.edu,Male,34.153.145.80
774,Keene,Ashdown,kashdownlh@sourceforge.net,Male,27.73.251.210
775,Cher,McKane,cmckaneli@topsy.com,Female,146.1.28.253
776,Clayson,Summerscales,csummerscaleslj@bing.com,Male,46.116.161.196
777,Keelby,Glover,kgloverlk@eventbrite.com,Male,55.156.251.21
778,Gloria,Lagne,glagnell@ehow.com,Female,6.178.49.219
779,Randie,Heinsius,rheinsiuslm@naver.com,Male,231.160.123.99
780,Rochella,Jery,rjeryln@rediff.com,Female,108.41.193.235
781,Wilfred,Feast,wfeastlo@posterous.com,Male,209.141.136.166
782,Evie,Spellacey,espellaceylp@shop-pro.jp,Female,163.204.70.2
783,Ilario,Rimington,irimingtonlq@princeton.edu,Male,190.71.243.129
784,Linnet,Ruppertz,lruppertzlr@google.de,Female,140.210.194.143
785,Bobbette,Capelow,bcapelowls@prlog.org,Non-binary,50.147.219.114
786,Finley,Prate,fpratelt@behance.net,Male,147.36.79.29
787,Benedicto,Baggally,bbaggallylu@gizmodo.com,Male,51.160.172.121
788,Nevil,Soule,nsoulelv@blogger.com,Male,48.81.30.205
789,Bogart,Nowlan,bnowlanlw@home.pl,Male,255.139.205.190
790,Marcelline,Tubble,mtubblelx@prweb.com,Female,130.225.163.116
791,Maurita,Comfort,mcomfortly@rediff.com,Female,121.141.78.230
792,Carla,Bolland,cbollandlz@etsy.com,Female,119.110.39.22
793,Zarah,Suart,zsuartm0@163.com,Female,236.140.6.117
794,Bernadene,Prestedge,bprestedgem1@is.gd,Female,40.161.35.135
795,Kathye,Ruoss,kruossm2@earthlink.net,Female,140.232.58.224
796,Eliza,Riatt,eriattm3@istockphoto.com,Female,141.125.197.35
797,Lorry,Powrie,lpowriem4@marketwatch.com,Female,205.86.6.51
798,Minor,Marchment,mmarchmentm5@examiner.com,Male,89.6.172.30
799,Felice,Skydall,fskydallm6@wired.com,Male,236.249.117.28
800,Russ,Defond,rdefondm7@epa.gov,Male,76.83.142.203
801,Chrotoem,Whistan,cwhistanm8@dropbox.com,Male,96.127.122.217
802,Caryl,Kornes,ckornesm9@surveymonkey.com,Female,133.217.71.125
803,Cora,Vaney,cvaneyma@pagesperso-orange.fr,Female,75.47.43.6
804,Patrice,Ebdin,pebdinmb@homestead.com,Female,239.171.173.55
805,Flor,Inggall,finggallmc@friendfeed.com,Female,197.203.158.207
806,Rhona,Tumioto,rtumiotomd@alexa.com,Female,243.35.1.112
807,Della,Harnell,dharnellme@wordpress.com,Female,159.143.218.161
808,Carissa,Kittley,ckittleymf@nydailynews.com,Female,31.124.144.186
809,Anderea,Worham,aworhammg@irs.gov,Female,241.79.3.171
810,Salvatore,Lenham,slenhammh@opera.com,Male,226.245.65.205
811,Garrick,Fetherstonhaugh,gfetherstonhaughmi@google.pl,Male,163.8.227.19
812,Claudell,Scotts,cscottsmj@google.pl,Male,121.188.81.103
813,Corinne,Veracruysse,cveracruyssemk@opera.com,Female,44.10.207.20
814,Henrik,Ollin,hollinml@cbsnews.com,Male,232.242.247.179
815,Nikolia,Breadon,nbreadonmm@tripod.com,Female,21.226.217.81
816,Ezri,Coling,ecolingmn@shareasale.com,Male,197.229.202.81
817,Hildy,Managh,hmanaghmo@last.fm,Genderfluid,121.145.220.166
818,Bayard,Sabbatier,bsabbatiermp@nsw.gov.au,Male,205.93.214.166
819,Fabian,Padula,fpadulamq@linkedin.com,Male,52.184.68.99
820,Cori,Penwarden,cpenwardenmr@mit.edu,Male,7.47.33.192
821,Sonja,Jeacocke,sjeacockems@bloglovin.com,Female,155.241.246.226
822,Roderic,Titlow,rtitlowmt@dailymotion.com,Male,253.162.176.90
823,Denny,Swafield,dswafieldmu@reuters.com,Female,92.106.205.77
824,Filbert,Corradini,fcorradinimv@ask.com,Male,195.125.8.220
825,Dyann,Saxelby,dsaxelbymw@cam.ac.uk,Female,86.125.124.1
826,Reinaldos,McDaid,rmcdaidmx@istockphoto.com,Male,114.88.55.145
827,Carlin,Brunotti,cbrunottimy@arstechnica.com,Female,104.81.83.106
828,Dougy,Burman,dburmanmz@istockphoto.com,Male,196.240.10.100
829,Mandi,Shurrock,mshurrockn0@wikimedia.org,Female,157.112.135.111
830,Tann,Oty,totyn1@ow.ly,Male,161.111.251.32
831,Izak,Bateup,ibateupn2@sfgate.com,Male,188.44.189.43
832,Jeannine,Terzi,jterzin3@nationalgeographic.com,Female,157.74.208.185
833,Clerkclaude,Smithson,csmithsonn4@gnu.org,Male,209.216.90.205
834,Mason,Grubey,mgrubeyn5@ihg.com,Male,12.146.200.199
835,Maegan,Scobie,mscobien6@nytimes.com,Female,53.94.44.152
836,Edy,Killock,ekillockn7@mac.com,Female,79.152.150.250
837,Josselyn,Domini,jdominin8@constantcontact.com,Female,92.19.29.177
838,Marius,Sargison,msargisonn9@state.tx.us,Male,12.195.29.130
839,Toni,Brann,tbrannna@comcast.net,Female,149.242.118.76
840,Debby,Nilles,dnillesnb@blogger.com,Polygender,254.36.6.127
841,Faye,Burnage,fburnagenc@wikia.com,Female,60.14.88.136
842,Cherlyn,Aylett,caylettnd@indiatimes.com,Female,85.171.133.147
843,Bartholemy,Cumberledge,bcumberledgene@microsoft.com,Genderqueer,177.47.171.117
844,Linoel,Bean,lbeannf@businesswire.com,Male,150.65.30.68
845,Derrik,Raisbeck,draisbeckng@bravesites.com,Male,94.254.165.178
846,Aymer,Wayne,awaynenh@epa.gov,Male,51.127.23.46
847,Ario,Absolom,aabsolomni@opensource.org,Male,191.174.33.175
848,Virgilio,McFie,vmcfienj@google.ca,Male,132.101.247.75
849,Sheryl,Skaife d'Ingerthorpe,sskaifedingerthorpenk@godaddy.com,Female,116.59.255.60
850,Kalil,Eyrl,keyrlnl@flickr.com,Male,131.97.243.85
851,Cassi,Edgerly,cedgerlynm@bbb.org,Female,133.209.13.177
852,Ulises,Divell,udivellnn@goodreads.com,Male,63.81.240.45
853,Shayna,Rubega,srubegano@google.it,Female,186.229.45.155
854,Yorgo,Lube,ylubenp@dell.com,Male,153.161.217.157
855,Julie,McClure,jmcclurenq@kickstarter.com,Genderfluid,192.41.20.157
856,Lucretia,Ashforth,lashforthnr@cbsnews.com,Female,70.197.49.247
857,Noellyn,Halso,nhalsons@plala.or.jp,Genderfluid,156.106.56.244
858,Dominick,Havock,dhavocknt@sfgate.com,Male,170.163.242.90
859,Gareth,Swires,gswiresnu@cmu.edu,Male,247.226.165.70
860,Sibelle,Bermingham,sberminghamnv@time.com,Female,255.60.110.201
861,Cherilynn,Nornable,cnornablenw@php.net,Female,194.114.94.218
862,Leland,Archbold,larchboldnx@chicagotribune.com,Male,8.26.121.227
863,Darelle,Kaindl,dkaindlny@multiply.com,Female,230.160.99.87
864,Dianna,O'Grogane,dogroganenz@t.co,Female,137.119.79.100
865,Cole,Bellringer,cbellringero0@domainmarket.com,Male,80.241.58.161
866,Ramsey,Harryman,rharrymano1@newyorker.com,Male,140.176.176.180
867,Cassandry,Domenico,cdomenicoo2@bloomberg.com,Female,152.186.197.252
868,Dayle,Rawsthorne,drawsthorneo3@unc.edu,Female,178.138.38.255
869,Essy,Lintill,elintillo4@google.ca,Female,239.32.147.177
870,Dean,Pauls,dpaulso5@ask.com,Male,176.109.244.171
871,Kaela,Moreinis,kmoreiniso6@photobucket.com,Female,38.33.59.78
872,Mychal,Herrero,mherreroo7@alexa.com,Male,99.22.102.91
873,Washington,Whalley,wwhalleyo8@ca.gov,Male,12.183.1.210
874,Selma,Ghirardi,sghirardio9@independent.co.uk,Female,101.98.169.233
875,Selig,MacQuarrie,smacquarrieoa@columbia.edu,Non-binary,139.115.250.27
876,Foster,Tellenbach,ftellenbachob@noaa.gov,Male,176.42.117.191
877,Ase,Cordier,acordieroc@businessinsider.com,Male,97.157.35.66
878,Goran,Leifer,gleiferod@etsy.com,Male,194.92.91.103
879,Mickie,Marklow,mmarklowoe@multiply.com,Female,29.13.51.174
880,Roderic,Crowche,rcrowcheof@lycos.com,Male,131.104.244.22
881,Nat,Witard,nwitardog@gmpg.org,Male,4.177.64.159
882,Erastus,Crombie,ecrombieoh@webeden.co.uk,Male,206.28.23.131
883,Derwin,Marians,dmariansoi@aboutads.info,Polygender,172.63.190.98
884,Modestine,Pierri,mpierrioj@sourceforge.net,Bigender,86.119.57.45
885,Mavis,Spindler,mspindlerok@de.vu,Female,169.249.221.79
886,Phaedra,Kondratenya,pkondratenyaol@arstechnica.com,Female,146.51.59.41
887,Frazier,Lorinez,florinezom@com.com,Male,82.131.169.147
888,Giffie,Davidov,gdavidovon@storify.com,Agender,252.204.105.218
889,Emili,Arger,eargeroo@businessweek.com,Female,20.70.156.196
890,Marv,Woodnutt,mwoodnuttop@tinypic.com,Male,247.156.53.25
891,Dwayne,Gammill,dgammilloq@infoseek.co.jp,Male,230.26.61.179
892,Onfre,Bruyet,obruyetor@wired.com,Male,176.193.99.26
893,Aldon,Comellini,acomellinios@163.com,Male,211.28.168.43
894,Joachim,Greenlees,jgreenleesot@about.me,Male,21.154.92.153
895,Westleigh,Wetton,wwettonou@wired.com,Non-binary,202.201.135.207
896,Ulrika,Parysiak,uparysiakov@devhub.com,Female,63.23.70.233
897,Dominic,Gargett,dgargettow@army.mil,Male,226.180.148.63
898,Lorry,Buttrey,lbuttreyox@altervista.org,Female,178.63.245.63
899,Shayna,Daelman,sdaelmanoy@sciencedirect.com,Female,190.201.65.74
900,Levin,Danilewicz,ldanilewiczoz@google.com,Male,40.53.175.195
901,Jeanie,Mussington,jmussingtonp0@vinaora.com,Female,16.209.103.219
902,Bradan,Drysdale,bdrysdalep1@privacy.gov.au,Bigender,149.93.2.106
903,Jeni,Scala,jscalap2@twitpic.com,Female,172.181.168.137
904,Nady,Marcoolyn,nmarcoolynp3@friendfeed.com,Female,248.101.169.196
905,Angelia,Hastin,ahastinp4@tripod.com,Agender,36.51.119.202
906,Corina,Tripon,ctriponp5@last.fm,Bigender,80.208.89.222
907,Efren,Halliwell,ehalliwellp6@unblog.fr,Male,113.140.18.31
908,Mavis,O'Hdirscoll,mohdirscollp7@godaddy.com,Female,171.121.230.170
909,Pavlov,Palfree,ppalfreep8@tripadvisor.com,Male,122.202.159.118
910,Waiter,Cockaday,wcockadayp9@tripod.com,Male,72.60.99.172
911,Rriocard,Proswell,rproswellpa@admin.ch,Male,111.23.8.101
912,Thia,Sheardown,tsheardownpb@yandex.ru,Female,226.121.108.228
913,Dorothea,Jeffcock,djeffcockpc@comcast.net,Female,152.219.77.141
914,Dyan,Ashtonhurst,dashtonhurstpd@list-manage.com,Female,30.152.27.145
915,Dene,Chalfont,dchalfontpe@army.mil,Male,103.151.32.159
916,Artemis,Sich,asichpf@cmu.edu,Male,137.209.66.152
917,Welsh,Ranyell,wranyellpg@php.net,Male,149.92.18.66
918,Lidia,Jasper,ljasperph@acquirethisname.com,Female,119.213.251.38
919,Kimble,Dunstan,kdunstanpi@1und1.de,Male,211.172.91.66
920,Imogene,Portal,iportalpj@com.com,Female,44.75.141.208
921,Cindie,Caret,ccaretpk@opera.com,Female,206.147.231.193
922,Weylin,Gillespey,wgillespeypl@amazon.co.uk,Male,123.36.55.19
923,Winifield,Peak,wpeakpm@cnbc.com,Male,251.66.145.127
924,Ermanno,Durrand,edurrandpn@cpanel.net,Male,106.177.95.199
925,Avril,Seine,aseinepo@sohu.com,Female,101.13.237.24
926,Bartholomeus,Vinter,bvinterpp@yellowbook.com,Male,82.166.222.121
927,Marissa,Bance,mbancepq@economist.com,Female,91.240.84.78
928,Agnola,Cannop,acannoppr@squarespace.com,Female,199.164.108.208
929,Chaunce,Kippin,ckippinps@sciencedaily.com,Male,71.15.190.146
930,Charmaine,Aries,cariespt@goo.gl,Bigender,80.183.228.41
931,Jermaine,Southon,jsouthonpu@mail.ru,Female,104.97.65.92
932,Brad,Bambery,bbamberypv@hostgator.com,Male,188.159.18.71
933,Hollyanne,Feacham,hfeachampw@jalbum.net,Female,9.239.74.166
934,Imelda,Chastand,ichastandpx@sourceforge.net,Female,159.217.20.44
935,May,Bogace,mbogacepy@ning.com,Genderqueer,239.162.232.6
936,Jodi,Morpeth,jmorpethpz@fc2.com,Genderfluid,179.119.154.253
937,Analiese,Batey,abateyq0@yelp.com,Female,76.201.103.223
938,Willi,Winterscale,wwinterscaleq1@apache.org,Male,160.21.212.4
939,Willey,Bourdas,wbourdasq2@toplist.cz,Male,107.138.64.160
940,Amelie,Searle,asearleq3@tumblr.com,Female,206.66.255.143
941,Vergil,Falkus,vfalkusq4@issuu.com,Male,177.134.193.192
942,Rufe,Stebbings,rstebbingsq5@1und1.de,Male,23.188.66.117
943,Lyda,Plank,lplankq6@baidu.com,Female,219.106.233.247
944,Merrilee,Pibworth,mpibworthq7@npr.org,Female,124.20.129.14
945,Morgana,Ledrane,mledraneq8@vkontakte.ru,Female,221.15.134.194
946,Normy,McCluskey,nmccluskeyq9@buzzfeed.com,Male,100.92.180.12
947,Natassia,Abrahamsson,nabrahamssonqa@bbc.co.uk,Female,25.1.218.230
948,Christos,Feeham,cfeehamqb@ning.com,Polygender,233.99.112.179
949,Ruben,Pittendreigh,rpittendreighqc@cafepress.com,Male,248.30.228.224
950,Willy,Bengough,wbengoughqd@springer.com,Female,190.93.82.151
951,Penn,Sprankling,pspranklingqe@edublogs.org,Male,71.196.75.166
952,Clarke,Hindmore,chindmoreqf@deliciousdays.com,Male,229.142.225.127
953,Neala,Eidelman,neidelmanqg@ca.gov,Female,180.19.137.223
954,Patin,Munkley,pmunkleyqh@t.co,Male,243.51.6.153
955,Vite,Burwell,vburwellqi@symantec.com,Male,209.179.209.65
956,Jourdan,Northcliffe,jnorthcliffeqj@unicef.org,Bigender,64.28.50.98
957,Ester,Paybody,epaybodyqk@ovh.net,Female,211.187.157.155
958,Tiff,Girardi,tgirardiql@cdc.gov,Female,54.145.158.40
959,Oliver,Hamlett,ohamlettqm@freewebs.com,Male,92.129.63.233
960,Raimundo,Greder,rgrederqn@smh.com.au,Agender,80.252.167.114
961,Liz,Doeg,ldoegqo@businesswire.com,Female,216.134.237.217
962,Carrie,Metcalf,cmetcalfqp@sohu.com,Non-binary,133.190.246.48
963,Jeanelle,Gabotti,jgabottiqq@apache.org,Female,63.134.23.16
964,Lorry,Minihan,lminihanqr@theguardian.com,Female,136.24.187.153
965,Maxie,Hellikes,mhellikesqs@yale.edu,Female,111.83.253.57
966,Ross,Woodcock,rwoodcockqt@ezinearticles.com,Male,95.9.247.167
967,Beret,Bleacher,bbleacherqu@cornell.edu,Female,22.183.247.108
968,Adelaide,Fibbens,afibbensqv@redcross.org,Polygender,8.173.172.132
969,Kaia,Hydes,khydesqw@senate.gov,Female,142.254.159.138
970,Barth,Bertrand,bbertrandqx@paginegialle.it,Male,249.32.76.135
971,Edvard,Haselup,ehaselupqy@hc360.com,Male,175.171.181.178
972,Haywood,Hinchon,hhinchonqz@example.com,Male,115.5.98.164
973,Caryn,Klemke,cklemker0@microsoft.com,Female,116.162.168.174
974,Haskell,Chanter,hchanterr1@infoseek.co.jp,Male,240.59.230.79
975,Gisella,Turmel,gturmelr2@ft.com,Female,90.85.97.56
976,Humberto,Lidyard,hlidyardr3@ucla.edu,Male,109.102.135.134
977,Gus,Presnail,gpresnailr4@usnews.com,Male,80.151.114.144
978,Maurise,Ipsly,mipslyr5@fda.gov,Male,151.169.234.54
979,Job,Prendeguest,jprendeguestr6@wikipedia.org,Male,8.143.227.246
980,Neila,Callum,ncallumr7@amazon.co.jp,Female,17.97.34.224
981,Teodora,Gatman,tgatmanr8@i2i.jp,Female,43.188.121.34
982,Grantham,Bendan,gbendanr9@gizmodo.com,Male,28.89.230.144
983,Virgie,Boughen,vboughenra@tiny.cc,Male,31.59.21.6
984,Sherrie,Taggett,staggettrb@dedecms.com,Female,136.203.129.191
985,Jorrie,Matussevich,jmatussevichrc@jiathis.com,Female,110.36.247.115
986,Gerrilee,Bastard,gbastardrd@123-reg.co.uk,Female,41.95.37.57
987,Nels,Segebrecht,nsegebrechtre@jimdo.com,Male,70.241.0.194
988,Sibel,Shellard,sshellardrf@google.nl,Female,39.170.76.74
989,Townsend,Arendt,tarendtrg@si.edu,Male,17.12.164.31
990,Anatollo,Corryer,acorryerrh@t-online.de,Male,200.143.133.114
991,Rutledge,Lorimer,rlorimerri@sciencedaily.com,Male,65.2.128.148
992,Iggie,Sidgwick,isidgwickrj@amazon.co.uk,Male,173.79.166.25
993,Allin,Splaven,asplavenrk@yahoo.co.jp,Male,156.95.247.182
994,Sammy,Cerro,scerrorl@gizmodo.com,Male,185.168.234.234
995,Philipa,Fears,pfearsrm@mysql.com,Female,2.106.92.103
996,Stepha,Keasley,skeasleyrn@mac.com,Female,146.112.222.72
997,Clara,Caneo,ccaneoro@indiegogo.com,Female,37.61.205.24
998,Ealasaid,Tayloe,etayloerp@google.cn,Female,12.127.106.125
999,Christa,Dorre,cdorrerq@dailymotion.com,Bigender,87.151.141.44
1000,Britni,Giovannilli,bgiovannillirr@furl.net,Female,53.69.165.198
